{"cameraMode":{"drawMode":0,"name":"Shaded","section":"Shading Mode"},"sceneLighting":true,"audioPlay":false,"sceneViewState":{"m_AlwaysRefresh":false,"showFog":true,"showSkybox":true,"showFlares":true,"showImageEffects":true,"showParticleSystems":true,"showVisualEffectGraphs":true,"m_FxEnabled":true},"in2DMode":false,"pivot":{"x":0.6587114334106445,"y":2.0070252418518068,"z":-1.763026237487793},"rotation":{"x":-0.05553939938545227,"y":0.9238525629043579,"z":-0.14701512455940247,"w":-0.3490060567855835},"size":10.437064170837403,"orthographic":false}