{"cameraMode":{"drawMode":0,"name":"Shaded","section":"Shading Mode"},"sceneLighting":true,"audioPlay":false,"sceneViewState":{"m_AlwaysRefresh":false,"showFog":true,"showSkybox":true,"showFlares":true,"showImageEffects":true,"showParticleSystems":true,"showVisualEffectGraphs":true,"m_FxEnabled":true},"in2DMode":false,"pivot":{"x":-2.0171914100646974,"y":0.23570199310779572,"z":8.519157409667969},"rotation":{"x":-0.13994184136390687,"y":0.3266291320323944,"z":-0.048967257142066959,"w":-0.9334561824798584},"size":8.267569541931153,"orthographic":false}