{"cameraMode":{"drawMode":0,"name":"Shaded","section":"Shading Mode"},"sceneLighting":false,"audioPlay":false,"sceneViewState":{"m_AlwaysRefresh":false,"showFog":true,"showSkybox":true,"showFlares":true,"showImageEffects":true,"showParticleSystems":true,"showVisualEffectGraphs":true,"m_FxEnabled":true},"in2DMode":false,"pivot":{"x":0.31776174902915957,"y":0.42765012383461,"z":2.1006336212158205},"rotation":{"x":-0.31942665576934817,"y":-0.06050064414739609,"z":0.020434657111763955,"w":-0.9454731345176697},"size":3.01792049407959,"orthographic":false}